{"cameraMode":{"drawMode":0,"name":"Shaded","section":"Shading Mode"},"sceneLighting":false,"audioPlay":false,"sceneViewState":{"m_AlwaysRefresh":false,"showFog":true,"showSkybox":false,"showFlares":true,"showImageEffects":true,"showParticleSystems":true,"showVisualEffectGraphs":true,"m_FxEnabled":false},"in2DMode":false,"pivot":{"x":0.02760171890258789,"y":0.11983191967010498,"z":-0.011297047138214112},"rotation":{"x":0.21162204444408418,"y":-0.7086790800094605,"z":0.23824536800384522,"w":0.6294959783554077},"size":4.499634265899658,"orthographic":false}