{"cameraMode":{"drawMode":0,"name":"Shaded","section":"Shading Mode"},"sceneLighting":false,"audioPlay":false,"sceneViewState":{"m_AlwaysRefresh":false,"showFog":true,"showSkybox":false,"showFlares":true,"showImageEffects":true,"showParticleSystems":true,"showVisualEffectGraphs":true,"m_FxEnabled":false},"in2DMode":false,"pivot":{"x":0.058568358421325687,"y":-0.0900692343711853,"z":0.20253252983093263},"rotation":{"x":0.1094503179192543,"y":-0.8888562321662903,"z":0.28405001759529116,"w":0.34250107407569888},"size":1.242228627204895,"orthographic":false}