{"cameraMode":{"drawMode":0,"name":"Shaded","section":"Shading Mode"},"sceneLighting":false,"audioPlay":false,"sceneViewState":{"m_AlwaysRefresh":false,"showFog":false,"showSkybox":false,"showFlares":false,"showImageEffects":false,"showParticleSystems":false,"showVisualEffectGraphs":true,"m_FxEnabled":true},"in2DMode":false,"pivot":{"x":0.12663507461547852,"y":-0.32310914993286135,"z":0.7219583988189697},"rotation":{"x":-0.3266967833042145,"y":-0.30598002672195437,"z":0.11259415745735169,"w":-0.887172520160675},"size":1.9532757997512818,"orthographic":false}