{"cameraMode":{"drawMode":0,"name":"Shaded","section":"Shading Mode"},"sceneLighting":true,"audioPlay":false,"sceneViewState":{"m_AlwaysRefresh":false,"showFog":true,"showSkybox":true,"showFlares":true,"showImageEffects":true,"showParticleSystems":true,"showVisualEffectGraphs":true,"m_FxEnabled":false},"in2DMode":false,"pivot":{"x":4.634622573852539,"y":2.0362675189971926,"z":-1.4126737117767335},"rotation":{"x":0.38738003373146059,"y":0.13854071497917176,"z":-0.05907447263598442,"w":0.9096361994743347},"size":2.3802707195281984,"orthographic":false}