{"cameraMode":{"drawMode":0,"name":"Shaded","section":"Shading Mode"},"sceneLighting":false,"audioPlay":false,"sceneViewState":{"m_AlwaysRefresh":false,"showFog":false,"showSkybox":false,"showFlares":false,"showImageEffects":false,"showParticleSystems":false,"showVisualEffectGraphs":true,"m_FxEnabled":true},"in2DMode":false,"pivot":{"x":6.376913070678711,"y":0.19597911834716798,"z":0.10576152801513672},"rotation":{"x":0.46910586953163149,"y":0.011923501268029213,"z":-0.006335834972560406,"w":0.8830441832542419},"size":6.75448751449585,"orthographic":false}