{"cameraMode":{"drawMode":0,"name":"Shaded","section":"Shading Mode"},"sceneLighting":true,"audioPlay":false,"sceneViewState":{"m_AlwaysRefresh":false,"showFog":true,"showSkybox":true,"showFlares":true,"showImageEffects":true,"showParticleSystems":true,"showVisualEffectGraphs":true,"m_FxEnabled":true},"in2DMode":false,"pivot":{"x":722.2835083007813,"y":479.3699951171875,"z":-320.3507080078125},"rotation":{"x":0.16109789907932282,"y":0.15328367054462434,"z":-0.025336269289255143,"w":0.9746338129043579},"size":1113.3480224609375,"orthographic":false}