{"cameraMode":{"drawMode":0,"name":"Shaded","section":"Shading Mode"},"sceneLighting":true,"audioPlay":false,"sceneViewState":{"m_AlwaysRefresh":false,"showFog":true,"showSkybox":true,"showFlares":true,"showImageEffects":true,"showParticleSystems":true,"showVisualEffectGraphs":true,"m_FxEnabled":true},"in2DMode":false,"pivot":{"x":0.14626151323318482,"y":1.4252744913101197,"z":1.2986727952957154},"rotation":{"x":0.1045842170715332,"y":-0.3611810803413391,"z":0.04080522432923317,"w":0.9257109761238098},"size":10.806991577148438,"orthographic":true}