{"cameraMode":{"drawMode":0,"name":"Shaded","section":"Shading Mode"},"sceneLighting":true,"audioPlay":false,"sceneViewState":{"m_AlwaysRefresh":false,"showFog":true,"showSkybox":true,"showFlares":true,"showImageEffects":true,"showParticleSystems":true,"showVisualEffectGraphs":true,"m_FxEnabled":false},"in2DMode":false,"pivot":{"x":0.7465713024139404,"y":2.1567931175231935,"z":-2.886706829071045},"rotation":{"x":0.27355220913887026,"y":0.4478490948677063,"z":-0.14608968794345857,"w":0.8386275768280029},"size":0.8417119979858398,"orthographic":false}