{"cameraMode":{"drawMode":0,"name":"Shaded","section":"Shading Mode"},"sceneLighting":false,"audioPlay":false,"sceneViewState":{"m_AlwaysRefresh":false,"showFog":false,"showSkybox":false,"showFlares":false,"showImageEffects":false,"showParticleSystems":false,"showVisualEffectGraphs":true,"m_FxEnabled":true},"in2DMode":false,"pivot":{"x":-0.45600003004074099,"y":0.3500000238418579,"z":-0.0019999146461486818},"rotation":{"x":-0.3211624324321747,"y":-0.6788462400436401,"z":0.46675369143486025,"w":-0.46712929010391238},"size":0.8706550598144531,"orthographic":false}