{"cameraMode":{"drawMode":0,"name":"Shaded","section":"Shading Mode"},"sceneLighting":false,"audioPlay":false,"sceneViewState":{"m_AlwaysRefresh":false,"showFog":true,"showSkybox":false,"showFlares":true,"showImageEffects":true,"showParticleSystems":true,"showVisualEffectGraphs":true,"m_FxEnabled":false},"in2DMode":false,"pivot":{"x":0.23352670669555665,"y":0.01622593402862549,"z":-0.08102083206176758},"rotation":{"x":-0.2610602080821991,"y":-0.37987300753593447,"z":0.11265997588634491,"w":-0.8802570700645447},"size":1.65346360206604,"orthographic":false}