{"cameraMode":{"drawMode":0,"name":"Shaded","section":"Shading Mode"},"sceneLighting":false,"audioPlay":false,"sceneViewState":{"m_AlwaysRefresh":false,"showFog":true,"showSkybox":false,"showFlares":true,"showImageEffects":true,"showParticleSystems":true,"showVisualEffectGraphs":true,"m_FxEnabled":false},"in2DMode":false,"pivot":{"x":0.021226823329925538,"y":0.020651765167713167,"z":0.022250860929489137},"rotation":{"x":-0.29528602957725527,"y":-0.14346933364868165,"z":0.0449010506272316,"w":-0.9435076713562012},"size":0.4698348641395569,"orthographic":false}