{"cameraMode":{"drawMode":0,"name":"Shaded","section":"Shading Mode"},"sceneLighting":false,"audioPlay":false,"sceneViewState":{"m_AlwaysRefresh":false,"showFog":true,"showSkybox":false,"showFlares":true,"showImageEffects":true,"showParticleSystems":true,"showVisualEffectGraphs":true,"m_FxEnabled":false},"in2DMode":false,"pivot":{"x":0.3231200873851776,"y":0.14489078521728517,"z":0.10751128196716309},"rotation":{"x":-0.007327016908675432,"y":-0.972200870513916,"z":0.2320583611726761,"w":-0.030657408758997918},"size":1.0559494495391846,"orthographic":false}