{"cameraMode":{"drawMode":0,"name":"Shaded","section":"Shading Mode"},"sceneLighting":false,"audioPlay":false,"sceneViewState":{"m_AlwaysRefresh":false,"showFog":false,"showSkybox":false,"showFlares":false,"showImageEffects":false,"showParticleSystems":false,"showVisualEffectGraphs":true,"m_FxEnabled":true},"in2DMode":false,"pivot":{"x":-0.9750144481658936,"y":1.042351245880127,"z":-0.34102511405944826},"rotation":{"x":0.1043122410774231,"y":0.26085150241851809,"z":-0.028362704440951349,"w":0.9593136310577393},"size":1.6129902601242066,"orthographic":false}