{"cameraMode":{"drawMode":0,"name":"Shaded","section":"Shading Mode"},"sceneLighting":false,"audioPlay":false,"sceneViewState":{"m_AlwaysRefresh":false,"showFog":true,"showSkybox":false,"showFlares":true,"showImageEffects":true,"showParticleSystems":true,"showVisualEffectGraphs":true,"m_FxEnabled":false},"in2DMode":false,"pivot":{"x":0.3767072558403015,"y":-0.4584496021270752,"z":0.47490453720092776},"rotation":{"x":0.1696469634771347,"y":0.09708311408758164,"z":-0.016791829839348794,"w":0.9805845022201538},"size":1.1943695545196534,"orthographic":false}