{"cameraMode":{"drawMode":0,"name":"Shaded","section":"Shading Mode"},"sceneLighting":false,"audioPlay":false,"sceneViewState":{"m_AlwaysRefresh":false,"showFog":false,"showSkybox":false,"showFlares":false,"showImageEffects":false,"showParticleSystems":false,"showVisualEffectGraphs":true,"m_FxEnabled":true},"in2DMode":false,"pivot":{"x":6.260199546813965,"y":0.6499999761581421,"z":-0.0015999078750610352},"rotation":{"x":-0.39256617426872256,"y":-0.17412643134593965,"z":0.07587859779596329,"w":-0.8999561071395874},"size":1.3440046310424805,"orthographic":false}