{"cameraMode":{"drawMode":0,"name":"Shaded","section":"Shading Mode"},"sceneLighting":false,"audioPlay":false,"sceneViewState":{"m_AlwaysRefresh":false,"showFog":true,"showSkybox":false,"showFlares":true,"showImageEffects":true,"showParticleSystems":true,"showVisualEffectGraphs":true,"m_FxEnabled":true},"in2DMode":false,"pivot":{"x":0.011340498924255371,"y":-0.6242915987968445,"z":-0.35908031463623049},"rotation":{"x":0.17874614894390107,"y":-0.30708780884742739,"z":0.05884278193116188,"w":0.9328985214233398},"size":1.213796615600586,"orthographic":false}