{"cameraMode":{"drawMode":0,"name":"Shaded","section":"Shading Mode"},"sceneLighting":false,"audioPlay":false,"sceneViewState":{"m_AlwaysRefresh":false,"showFog":true,"showSkybox":false,"showFlares":true,"showImageEffects":true,"showParticleSystems":true,"showVisualEffectGraphs":true,"m_FxEnabled":false},"in2DMode":false,"pivot":{"x":1.2062970399856568,"y":0.027978748083114625,"z":-0.21810108423233033},"rotation":{"x":0.01237427070736885,"y":0.8296972513198853,"z":0.018417000770568849,"w":-0.5577971339225769},"size":0.6578946709632874,"orthographic":false}