{"cameraMode":{"drawMode":0,"name":"Shaded","section":"Shading Mode"},"sceneLighting":false,"audioPlay":false,"sceneViewState":{"m_AlwaysRefresh":false,"showFog":true,"showSkybox":false,"showFlares":true,"showImageEffects":true,"showParticleSystems":true,"showVisualEffectGraphs":true,"m_FxEnabled":true},"in2DMode":false,"pivot":{"x":0.25868892669677737,"y":-0.11037969589233399,"z":-0.09384346008300781},"rotation":{"x":-0.06576449424028397,"y":-0.9022807478904724,"z":0.1485825628042221,"w":-0.39936020970344546},"size":1.574098825454712,"orthographic":false}