{"cameraMode":{"drawMode":0,"name":"Shaded","section":"Shading Mode"},"sceneLighting":true,"audioPlay":false,"sceneViewState":{"m_AlwaysRefresh":false,"showFog":true,"showSkybox":true,"showFlares":true,"showImageEffects":true,"showParticleSystems":true,"showVisualEffectGraphs":true,"m_FxEnabled":true},"in2DMode":false,"pivot":{"x":7.030185222625732,"y":4.036991119384766,"z":-7.062767028808594},"rotation":{"x":0.18656566739082337,"y":0.03829988092184067,"z":-0.007278925273567438,"w":0.9816691279411316},"size":0.28337186574935915,"orthographic":false}