{"cameraMode":{"drawMode":0,"name":"Shaded","section":"Shading Mode"},"sceneLighting":true,"audioPlay":false,"sceneViewState":{"m_AlwaysRefresh":false,"showFog":true,"showSkybox":true,"showFlares":true,"showImageEffects":true,"showParticleSystems":true,"showVisualEffectGraphs":true,"m_FxEnabled":true},"in2DMode":false,"pivot":{"x":0.2880007326602936,"y":5.398741245269775,"z":-3.0511415004730226},"rotation":{"x":0.24563324451446534,"y":0.3888266086578369,"z":-0.10836765170097351,"w":0.8813309669494629},"size":0.0019383217440918089,"orthographic":false}