{"cameraMode":{"drawMode":0,"name":"Shaded","section":"Shading Mode"},"sceneLighting":false,"audioPlay":false,"sceneViewState":{"m_AlwaysRefresh":false,"showFog":true,"showSkybox":false,"showFlares":true,"showImageEffects":true,"showParticleSystems":true,"showVisualEffectGraphs":true,"m_FxEnabled":false},"in2DMode":false,"pivot":{"x":0.3365943431854248,"y":-0.15218710899353028,"z":-0.9499773979187012},"rotation":{"x":0.28788697719573977,"y":0.6356594562530518,"z":-0.27704688906669619,"w":0.6605532169342041},"size":3.004835844039917,"orthographic":false}