{"cameraMode":{"drawMode":0,"name":"Shaded","section":"Shading Mode"},"sceneLighting":false,"audioPlay":false,"sceneViewState":{"m_AlwaysRefresh":false,"showFog":true,"showSkybox":false,"showFlares":true,"showImageEffects":true,"showParticleSystems":true,"showVisualEffectGraphs":true,"m_FxEnabled":false},"in2DMode":false,"pivot":{"x":-0.06691506505012512,"y":0.25514987111091616,"z":0.09167778491973877},"rotation":{"x":-0.01397752109915018,"y":-0.3628861606121063,"z":0.005443637724965811,"w":-0.9317116737365723},"size":0.34934788942337038,"orthographic":false}