{"cameraMode":{"drawMode":0,"name":"Shaded","section":"Shading Mode"},"sceneLighting":false,"audioPlay":false,"sceneViewState":{"m_AlwaysRefresh":false,"showFog":true,"showSkybox":false,"showFlares":true,"showImageEffects":true,"showParticleSystems":true,"showVisualEffectGraphs":true,"m_FxEnabled":false},"in2DMode":false,"pivot":{"x":-0.01964247226715088,"y":0.30020278692245486,"z":0.028882145881652833},"rotation":{"x":-0.19561447203159333,"y":-0.3548407554626465,"z":0.0761885941028595,"w":-0.9110559225082398},"size":0.6261434555053711,"orthographic":false}