{"cameraMode":{"drawMode":0,"name":"Shaded","section":"Shading Mode"},"sceneLighting":false,"audioPlay":false,"sceneViewState":{"m_AlwaysRefresh":false,"showFog":true,"showSkybox":false,"showFlares":true,"showImageEffects":true,"showParticleSystems":true,"showVisualEffectGraphs":true,"m_FxEnabled":false},"in2DMode":false,"pivot":{"x":1.7298327684402466,"y":1.5513999462127686,"z":-3.858778953552246},"rotation":{"x":0.16720905900001527,"y":0.004436627496033907,"z":-0.0007524453103542328,"w":0.9859104752540588},"size":0.8662837147712708,"orthographic":false}