{"cameraMode":{"drawMode":0,"name":"Shaded","section":"Shading Mode"},"sceneLighting":true,"audioPlay":false,"sceneViewState":{"m_AlwaysRefresh":false,"showFog":true,"showSkybox":true,"showFlares":true,"showImageEffects":true,"showParticleSystems":true,"showVisualEffectGraphs":true,"m_FxEnabled":true},"in2DMode":false,"pivot":{"x":1.3892403841018677,"y":3.2400617599487306,"z":-0.9883338809013367},"rotation":{"x":0.14319445192813874,"y":0.6888631582260132,"z":-0.14165548980236054,"w":0.6963464617729187},"size":5.696902275085449,"orthographic":false}