{"cameraMode":{"drawMode":0,"name":"Shaded","section":"Shading Mode"},"sceneLighting":false,"audioPlay":false,"sceneViewState":{"m_AlwaysRefresh":false,"showFog":false,"showSkybox":false,"showFlares":false,"showImageEffects":false,"showParticleSystems":false,"showVisualEffectGraphs":true,"m_FxEnabled":true},"in2DMode":false,"pivot":{"x":1.1277111768722535,"y":1.4530580043792725,"z":-0.15391796827316285},"rotation":{"x":0.3460831046104431,"y":0.1963331699371338,"z":-0.07430651038885117,"w":0.9144249558448792},"size":0.5652657151222229,"orthographic":false}