{"cameraMode":{"drawMode":0,"name":"Shaded","section":"Shading Mode"},"sceneLighting":false,"audioPlay":false,"sceneViewState":{"m_AlwaysRefresh":false,"showFog":false,"showSkybox":false,"showFlares":false,"showImageEffects":false,"showParticleSystems":false,"showVisualEffectGraphs":true,"m_FxEnabled":true},"in2DMode":false,"pivot":{"x":1.2800519466400147,"y":1.472499966621399,"z":-0.11905203759670258},"rotation":{"x":0.10303173959255219,"y":0.1970788985490799,"z":-0.020830022171139718,"w":0.9747434854507446},"size":0.43406516313552859,"orthographic":true}