{"cameraMode":{"drawMode":0,"name":"Shaded","section":"Shading Mode"},"sceneLighting":false,"audioPlay":false,"sceneViewState":{"m_AlwaysRefresh":false,"showFog":false,"showSkybox":false,"showFlares":false,"showImageEffects":false,"showParticleSystems":false,"showVisualEffectGraphs":true,"m_FxEnabled":true},"in2DMode":false,"pivot":{"x":-0.004557132720947266,"y":1.680978775024414,"z":-0.016636967658996583},"rotation":{"x":0.3689163625240326,"y":0.37279027700424197,"z":-0.16456374526023866,"w":0.8354445099830627},"size":1.0100162029266358,"orthographic":false}