{"cameraMode":{"drawMode":0,"name":"Shaded","section":"Shading Mode"},"sceneLighting":false,"audioPlay":false,"sceneViewState":{"m_AlwaysRefresh":false,"showFog":false,"showSkybox":false,"showFlares":false,"showImageEffects":false,"showParticleSystems":false,"showVisualEffectGraphs":true,"m_FxEnabled":true},"in2DMode":false,"pivot":{"x":1746.7486572265625,"y":958.493408203125,"z":-34.74932861328125},"rotation":{"x":0.19555141031742097,"y":0.0055840108543634419,"z":-0.0010673088254407049,"w":0.9807386994361877},"size":481.9284362792969,"orthographic":false}